Time,Channel 1,Channel 2,Channel 3,Channel 4,Channel 5,Channel 6,Channel 7,Channel 8,Direction
1559255907780,-25227.005859375,-57217.8046875,0,0,0,0,-37427.3671875,9795.115234375,Left
1559255907783,-25089.18359375,-55440.68359375,0,0,0,0,-34925.3828125,11381.0830078125,Left
1559255907783,-25217.998046875,-52682.30078125,0,0,0,0,-31153.32421875,11117.3994140625,Left
1559255907784,-25295.78125,-53243.953125,0,0,0,0,-31999.962890625,10106.7431640625,Left
1559255907784,-25255.66015625,-56867.6640625,0,0,0,0,-36953.95703125,9620.458984375,Left
1559255907784,-25088.357421875,-56105.3359375,0,0,0,0,-35847.1015625,11176.85546875,Left
1559255907785,-25186.99609375,-52934.828125,0,0,0,0,-31494.322265625,11290.9384765625,Left
1559255907785,-25296.83203125,-52881.9453125,0,0,0,0,-31503.330078125,10289.6923828125,Left
1559255907785,-25290.349609375,-56222.81640625,0,0,0,0,-36108.7734375,9571.7314453125,Left
1559255907785,-25105.90234375,-56664.328125,0,0,0,0,-36648.27734375,10886.953125,Left
1559255907848,-25337.01953125,-54104.609375,0,0,0,0,-33245.40234375,9827.8828125,Left
1559255907849,-25221.73046875,-57220.0390625,0,0,0,0,-37495.07421875,9966.8212890625,Left
1559255907849,-25110.6640625,-54964.48046875,0,0,0,0,-34318.48828125,11433.498046875,Left
1559255907849,-25248.037109375,-52624.33984375,0,0,0,0,-31134.66015625,10964.55859375,Left
1559255907850,-25322,-53555.8046875,0,0,0,0,-32486.626953125,9993.419921875,Left
1559255907850,-25259.125,-56958.8828125,0,0,0,0,-37148.26171875,9760.2021484375,Left
1559255907850,-25112.85546875,-55623.03125,0,0,0,0,-35242.73046875,11271.693359375,Left
1559255907851,-25218.802734375,-52858.2734375,0,0,0,0,-31449.060546875,11131.302734375,Left
1559255907851,-25314.623046875,-53077.48046875,0,0,0,0,-31846.7421875,10189.19921875,Left
1559255907851,-25280.671875,-56419.30859375,0,0,0,0,-36433.765625,9650.5888671875,Left
1559255907918,-25119.537109375,-56169.08203125,0,0,0,0,-36015.56640625,11042.0068359375,Left
1559255907918,-25205.97265625,-53143.26171875,0,0,0,0,-31836.572265625,11265.6806640625,Left
1559255907918,-25317.75390625,-52854.7890625,0,0,0,0,-31513.56640625,10327.9365234375,Left
1559255907918,-25323.05078125,-55854.68359375,0,0,0,0,-35661.78125,9616.48046875,Left
1559255907919,-25133.015625,-56664.10546875,0,0,0,0,-36708.9609375,10767.8408203125,Left
1559255907920,-25182.30078125,-53496.52734375,0,0,0,0,-32329.71875,11396.505859375,Left
1559255907920,-25301.861328125,-52631.875,0,0,0,0,-31223.10546875,10500.603515625,Left
1559255907920,-25325.353515625,-55199.59765625,0,0,0,0,-34794.64453125,9645.1796875,Left
1559255907921,-25154.02734375,-56992.83203125,0,0,0,0,-37204.65625,10484.7109375,Left
1559255907922,-25153.4453125,-53897.80859375,0,0,0,0,-32899.6640625,11479.5205078125,Left
1559255907952,-25291.7578125,-52525.34765625,0,0,0,0,-31076.92578125,10660.1943359375,Left
1559255907952,-25335.232421875,-54564.2265625,0,0,0,0,-33926.68359375,9725.0205078125,Left
1559255907953,-25192.3828125,-57197.53125,0,0,0,0,-37499.921875,10178.08984375,Left
1559255907953,-25131.98828125,-54495.2734375,0,0,0,0,-33718.96875,11473.8427734375,Left
1559255907956,-25266.857421875,-52585.65234375,0,0,0,0,-31139.599609375,10827.609375,Left
1559255907956,-25339.232421875,-53941.84375,0,0,0,0,-33080.7578125,9883.2705078125,Left
1559255907957,-25291.7578125,-52525.34765625,0,0,0,0,-31076.92578125,10660.1943359375,Left
1559255907957,-25335.232421875,-54564.2265625,0,0,0,0,-33926.68359375,9725.0205078125,Left
1559255907957,-25250.072265625,-57118.6953125,0,0,0,0,-37419.58984375,9919.279296875,Left
1559255907958,-25192.3828125,-57197.53125,0,0,0,0,-37499.921875,10178.08984375,Left
1559255907958,-25131.98828125,-54495.2734375,0,0,0,0,-33718.96875,11473.8427734375,Left
1559255907958,-25135.005859375,-55090.87890625,0,0,0,0,-34562.078125,11393.48828125,Left
1559255907958,-25266.857421875,-52585.65234375,0,0,0,0,-31139.599609375,10827.609375,Left
1559255907959,-25339.232421875,-53941.84375,0,0,0,0,-33080.7578125,9883.2705078125,Left
1559255907959,-25250.072265625,-57118.6953125,0,0,0,0,-37419.58984375,9919.279296875,Left
1559255907959,-25248.552734375,-52666.85546875,0,0,0,0,-31255.716796875,10997.52734375,Left
1559255907959,-25324.5703125,-53410.765625,0,0,0,0,-32359.759765625,10039.1962890625,Left
1559255907960,-25135.005859375,-55090.87890625,0,0,0,0,-34562.078125,11393.48828125,Left
1559255907960,-25248.552734375,-52666.85546875,0,0,0,0,-31255.716796875,10997.52734375,Left
1559255907961,-25324.5703125,-53410.765625,0,0,0,0,-32359.759765625,10039.1962890625,Left
1559255907989,-25269.025390625,-56864.53515625,0,0,0,0,-37085.1640625,9709.5078125,Left
1559255907990,-25105.166015625,-55747.05859375,0,0,0,0,-35477.8515625,11231.125,Left
1559255907990,-25211.58203125,-52875.8203125,0,0,0,0,-31530.173828125,11166.4169921875,Left
1559255907990,-25313.328125,-53039.703125,0,0,0,0,-31833.443359375,10203.861328125,Left
1559255907990,-25300.744140625,-56386.83203125,0,0,0,0,-36433.83203125,9609.751953125,Left
1559255907990,-25132.166015625,-56361.57421875,0,0,0,0,-36319.81640625,10984.1611328125,Left
1559255907991,-25202.484375,-53225.26953125,0,0,0,0,-31994.77734375,11310.2060546875,Left
1559255907991,-25312.74609375,-52792.984375,0,0,0,0,-31480.330078125,10369.353515625,Left
1559255907991,-25322.939453125,-55691.06640625,0,0,0,0,-35473.8046875,9616.703125,Left
1559255907991,-25151.43359375,-56749.35546875,0,0,0,0,-36866.453125,10692.0908203125,Left
1559255908021,-25173.6953125,-53669.2421875,0,0,0,0,-32607.193359375,11392.9072265625,Left
1559255908022,-25296.49609375,-52718.53125,0,0,0,0,-31362.111328125,10523.2236328125,Left
1559255908022,-25328.482421875,-54983.45703125,0,0,0,0,-34517.5078125,9711.7880859375,Left
1559255908023,-25173.896484375,-56887.625,0,0,0,0,-37100.71875,10424.25,Left
1559255908023,-25151.65625,-54159.953125,0,0,0,0,-33294.80078125,11412.755859375,Left
1559255908024,-25278.302734375,-52780.37890625,0,0,0,0,-31434.955078125,10664.330078125,Left
1559255908024,-25331.587890625,-54351.19140625,0,0,0,0,-33655.37890625,9848.267578125,Left
1559255908025,-25205.4140625,-56847.66015625,0,0,0,0,-37058.5,10168.43359375,Left
1559255908025,-25124.58984375,-54670.82421875,0,0,0,0,-33993.6953125,11376.568359375,Left
1559255908025,-25251.234375,-52821.125,0,0,0,0,-31488.779296875,10826.8720703125,Left
1559255908055,-25312.58984375,-53809.05078125,0,0,0,0,-32919.8046875,9981.8642578125,Left
1559255908055,-25223.607421875,-56722.2890625,0,0,0,0,-36906.4375,9952.76171875,Left
1559255908055,-25115.669921875,-55242.69140625,0,0,0,0,-34795.875,11277.5947265625,Left
1559255908056,-25238.8515625,-53043.68359375,0,0,0,0,-31782.033203125,10962.2119140625,Left
1559255908056,-25309.259765625,-53436.3359375,0,0,0,0,-32406.49609375,10137.3203125,Left
1559255908056,-25262.4765625,-56244.2734375,0,0,0,0,-36276.0078125,9851.5087890625,Left
1559255908056,-25131.83203125,-55668.22265625,0,0,0,0,-35402.45703125,11098.802734375,Left
1559255908056,-25225.931640625,-53417.8515625,0,0,0,0,-32283.94140625,11043.7734375,Left
1559255908057,-25306.107421875,-53387.38671875,0,0,0,0,-32319.48046875,10250.5546875,Left
1559255908057,-25275.330078125,-55799.0703125,0,0,0,0,-35668.421875,9842.9921875,Left
1559255908155,-25278.7265625,-53364.1640625,0,0,0,0,-32243.44140625,10554.314453125,Left
1559255908156,-25303.380859375,-54459.21875,0,0,0,0,-33807.8828125,9972.2080078125,Left
1559255908156,-25196.16015625,-56220.7578125,0,0,0,0,-36232.3125,10323.15234375,Left
1559255908156,-25153.736328125,-54622.2734375,0,0,0,0,-33953.99609375,11252.8740234375,Left
1559255908156,-25270.412109375,-53381.37109375,0,0,0,0,-32254.59375,10698.505859375,Left
1559255908157,-25309.125,-54059.8359375,0,0,0,0,-33260.4453125,10065.0791015625,Left
1559255908157,-25229.26171875,-56081.59765625,0,0,0,0,-36063.80078125,10145.0322265625,Left
1559255908157,-25147.25390625,-54985.8046875,0,0,0,0,-34476.4453125,11192.9482421875,Left
1559255908157,-25250.02734375,-53429.02734375,0,0,0,0,-32324.623046875,10840.88671875,Left
1559255908158,-25298.888671875,-53768.37109375,0,0,0,0,-32856.2578125,10153.4140625,Left
1559255908190,-25242.31640625,-55850.1015625,0,0,0,0,-35753.9375,10020.2197265625,Left
1559255908191,-25139.318359375,-55346.8046875,0,0,0,0,-34995.69921875,11079.759765625,Left
1559255908191,-25232.75,-53548.23046875,0,0,0,0,-32481.0390625,10978.9306640625,Left
1559255908191,-25301.81640625,-53543.7578125,0,0,0,0,-32535.2421875,10252.767578125,Left
1559255908191,-25269.2265625,-55513.03515625,0,0,0,0,-35284.57421875,9937.5400390625,Left
1559255908192,-25141.419921875,-55710.53515625,0,0,0,0,-35500.55859375,10904.611328125,Left
1559255908192,-25202.9765625,-53753.3515625,0,0,0,0,-32750.244140625,11103.5634765625,Left
1559255908192,-25292.541015625,-53410.765625,0,0,0,0,-32336.826171875,10362.55859375,Left
1559255908192,-25291.53515625,-55080.77734375,0,0,0,0,-34700.56640625,9925.5595703125,Left
1559255908193,-25175.08203125,-55916.21875,0,0,0,0,-35824.859375,10703.1552734375,Left
1559255908228,-25204.072265625,-53956.08203125,0,0,0,0,-33059.2109375,11193.865234375,Left
1559255908228,-25302.15234375,-53306.515625,0,0,0,0,-32206.91796875,10468.2822265625,Left
1559255908228,-25314.376953125,-54664.80859375,0,0,0,0,-34133.37109375,9934.724609375,Left
1559255908229,-25194.080078125,-56063.3828125,0,0,0,0,-36054.16796875,10482.9677734375,Left
1559255908229,-25176.556640625,-54283.109375,0,0,0,0,-33520.8203125,11233.0029296875,Left
1559255908230,-25288.001953125,-53311.0078125,0,0,0,0,-32205.77734375,10589.7197265625,Left
1559255908230,-25313.974609375,-54263.05859375,0,0,0,0,-33585.640625,9998.001953125,Left
1559255908230,-25217.4609375,-56093.3984375,0,0,0,0,-36107.20703125,10270.537109375,Left
1559255908231,-25165.73828125,-54628.15234375,0,0,0,0,-34015.44140625,11231.9296875,Left
1559255908231,-25277.453125,-53323.63671875,0,0,0,0,-32226.23046875,10719.962890625,Left
1559255908263,-25318.087890625,-53905.90234375,0,0,0,0,-33098.44140625,10077.126953125,Left
1559255908263,-25241.689453125,-55934.1640625,0,0,0,0,-35916.7265625,10104.6865234375,Left
1559255908264,-25146.203125,-54979.25390625,0,0,0,0,-34537.2421875,11164.4501953125,Left
1559255908264,-25242.6953125,-53385.28515625,0,0,0,0,-32323.169921875,10868.3115234375,Left
1559255908265,-25300.720703125,-53652.3671875,0,0,0,0,-32746.958984375,10166.5791015625,Left
1559255908265,-25255.771484375,-55693.03515625,0,0,0,0,-35595.12890625,9995.6103515625,Left
1559255908265,-25147.07421875,-55350.65234375,0,0,0,0,-35071.7421875,11038.3193359375,Left
1559255908266,-25227.09375,-53528.42578125,0,0,0,0,-32520.580078125,10999.8515625,Left
1559255908266,-25295.513671875,-53464.1875,0,0,0,0,-32484.7734375,10274.068359375,Left
1559255908266,-25318.087890625,-53905.90234375,0,0,0,0,-33098.44140625,10077.126953125,Left
1559255908266,-25241.689453125,-55934.1640625,0,0,0,0,-35916.7265625,10104.6865234375,Left
1559255908266,-25279.28515625,-55335.921875,0,0,0,0,-35115.57421875,9930.2763671875,Left
1559255908267,-25146.203125,-54979.25390625,0,0,0,0,-34537.2421875,11164.4501953125,Left
1559255908267,-25242.6953125,-53385.28515625,0,0,0,0,-32323.169921875,10868.3115234375,Left
1559255908267,-25300.720703125,-53652.3671875,0,0,0,0,-32746.958984375,10166.5791015625,Left
1559255908267,-25255.771484375,-55693.03515625,0,0,0,0,-35595.12890625,9995.6103515625,Left
1559255908267,-25147.07421875,-55350.65234375,0,0,0,0,-35071.7421875,11038.3193359375,Left
1559255908267,-25227.09375,-53528.42578125,0,0,0,0,-32520.580078125,10999.8515625,Left
1559255908267,-25295.513671875,-53464.1875,0,0,0,0,-32484.7734375,10274.068359375,Left
1559255908267,-25279.28515625,-55335.921875,0,0,0,0,-35115.57421875,9930.2763671875,Left
1559255908296,-25160.3515625,-55688.07421875,0,0,0,0,-35557.3984375,10851.16796875,Left
1559255908296,-25213.7734375,-53758.6015625,0,0,0,0,-32831.06640625,11113.935546875,Left
1559255908296,-25303.984375,-53364.00390625,0,0,0,0,-32332.9375,10377.3779296875,Left
1559255908297,-25303.783203125,-54961.73046875,0,0,0,0,-34593.45703125,9913.736328125,Left
1559255908297,-25178.189453125,-55965.27734375,0,0,0,0,-35943.81640625,10633.796875,Left
1559255908297,-25187.755859375,-54068.2421875,0,0,0,0,-33246.453125,11200.3466796875,Left
1559255908297,-25283.5546875,-53347.01953125,0,0,0,0,-32285.23828125,10496.78125,Left
1559255908298,-25299.669921875,-54569.4140625,0,0,0,0,-34038.0390625,9959.69140625,Left
1559255908298,-25186.078125,-56084.9296875,0,0,0,0,-36119.79296875,10431.693359375,Left
1559255908298,-25162.185546875,-54364.78125,0,0,0,0,-33669.234375,11247.263671875,Left
1559255908332,-25270.009765625,-53334.8359375,0,0,0,0,-32260.830078125,10622.0625,Left
1559255908333,-25297.927734375,-54190.86328125,0,0,0,0,-33507.4765625,10027.4619140625,Left
1559255908333,-25205.5703125,-56072.12109375,0,0,0,0,-36107.3203125,10238.08203125,Left
1559255908334,-25149.01953125,-54735.328125,0,0,0,0,-34185.76171875,11223.66015625,Left
1559255908334,-25258.69921875,-53395.9921875,0,0,0,0,-32326.56640625,10753.8486328125,Left
1559255908335,-25300.85546875,-53881.73828125,0,0,0,0,-33063.68359375,10112.15234375,Left
1559255908335,-25234.6484375,-55902.91796875,0,0,0,0,-35878.1015625,10085.8447265625,Left
1559255908335,-25270.009765625,-53334.8359375,0,0,0,0,-32260.830078125,10622.0625,Left
1559255908335,-25137.822265625,-55105.7890625,0,0,0,0,-34712.6171875,11144.490234375,Left
1559255908335,-25297.927734375,-54190.86328125,0,0,0,0,-33507.4765625,10027.4619140625,Left
1559255908336,-25233.263671875,-53466.64453125,0,0,0,0,-32424.1328125,10905.8408203125,Left
1559255908336,-25205.5703125,-56072.12109375,0,0,0,0,-36107.3203125,10238.08203125,Left
1559255908336,-25297.61328125,-53627.48828125,0,0,0,0,-32707.73046875,10210.1201171875,Left
1559255908336,-25149.01953125,-54735.328125,0,0,0,0,-34185.76171875,11223.66015625,Left
1559255908336,-25258.69921875,-53395.9921875,0,0,0,0,-32326.56640625,10753.8486328125,Left
1559255908337,-25300.85546875,-53881.73828125,0,0,0,0,-33063.68359375,10112.15234375,Left
1559255908337,-25234.6484375,-55902.91796875,0,0,0,0,-35878.1015625,10085.8447265625,Left
1559255908337,-25137.822265625,-55105.7890625,0,0,0,0,-34712.6171875,11144.490234375,Left
1559255908337,-25233.263671875,-53466.64453125,0,0,0,0,-32424.1328125,10905.8408203125,Left
1559255908338,-25297.61328125,-53627.48828125,0,0,0,0,-32707.73046875,10210.1201171875,Left
1559255908369,-25258.56640625,-55621.0625,0,0,0,0,-35496.109375,9983.6748046875,Left
1559255908370,-25144.638671875,-55472.24609375,0,0,0,0,-35227.19921875,10995.068359375,Left
1559255908370,-25221.953125,-53628.40625,0,0,0,0,-32631.712890625,11036.6650390625,Left
1559255908370,-25294.41796875,-53461.9296875,0,0,0,0,-32458.330078125,10305.62890625,Left
1559255908370,-25283.890625,-55280.33203125,0,0,0,0,-35010.296875,9922.85546875,Left
1559255908371,-25156.798828125,-55779.3125,0,0,0,0,-35659.94921875,10808.9013671875,Left
1559255908371,-25201.8359375,-53834.44140625,0,0,0,0,-32914.1953125,11145.65234375,Left
1559255908372,-25258.56640625,-55621.0625,0,0,0,0,-35496.109375,9983.6748046875,Left
1559255908372,-25301.615234375,-53366.8203125,0,0,0,0,-32309.982421875,10409.9443359375,Left
1559255908372,-25144.638671875,-55472.24609375,0,0,0,0,-35227.19921875,10995.068359375,Left
1559255908372,-25303.42578125,-54859.4921875,0,0,0,0,-34429.12890625,9929.2255859375,Left
1559255908373,-25221.953125,-53628.40625,0,0,0,0,-32631.712890625,11036.6650390625,Left
1559255908373,-25175.998046875,-55972.36328125,0,0,0,0,-35948.28515625,10598.548828125,Left
1559255908373,-25294.41796875,-53461.9296875,0,0,0,0,-32458.330078125,10305.62890625,Left
1559255908373,-25283.890625,-55280.33203125,0,0,0,0,-35010.296875,9922.85546875,Left
1559255908373,-25156.798828125,-55779.3125,0,0,0,0,-35659.94921875,10808.9013671875,Left
1559255908374,-25201.8359375,-53834.44140625,0,0,0,0,-32914.1953125,11145.65234375,Left
1559255908374,-25301.615234375,-53366.8203125,0,0,0,0,-32309.982421875,10409.9443359375,Left
1559255908374,-25303.42578125,-54859.4921875,0,0,0,0,-34429.12890625,9929.2255859375,Left
1559255908374,-25175.998046875,-55972.36328125,0,0,0,0,-35948.28515625,10598.548828125,Left
1559255908437,-25184.626953125,-54093.41015625,0,0,0,0,-33286.328125,11222.6318359375,Left
1559255908437,-25292.181640625,-53315.63671875,0,0,0,0,-32239.015625,10523.6259765625,Left
1559255908437,-25184.626953125,-54093.41015625,0,0,0,0,-33286.328125,11222.6318359375,Left
1559255908438,-25310.869140625,-54458.0546875,0,0,0,0,-33876.7734375,9967.6708984375,Left
1559255908438,-25196.31640625,-56100.4609375,0,0,0,0,-36127.61328125,10372.125,Left
1559255908438,-25292.181640625,-53315.63671875,0,0,0,0,-32239.015625,10523.6259765625,Left
1559255908438,-25164.375,-54471.82421875,0,0,0,0,-33799.8359375,11241.5634765625,Left
1559255908439,-25310.869140625,-54458.0546875,0,0,0,0,-33876.7734375,9967.6708984375,Left
1559255908439,-25272.580078125,-53360.98828125,0,0,0,0,-32280.56640625,10650.8740234375,Left
1559255908439,-25196.31640625,-56100.4609375,0,0,0,0,-36127.61328125,10372.125,Left
1559255908439,-25164.375,-54471.82421875,0,0,0,0,-33799.8359375,11241.5634765625,Left
1559255908439,-25308.587890625,-54137.46484375,0,0,0,0,-33414.58203125,10035.486328125,Left
1559255908440,-25220.03125,-56072.703125,0,0,0,0,-36092.58984375,10187.7236328125,Left
1559255908440,-25139.990234375,-54837.03125,0,0,0,0,-34318.01953125,11214.2275390625,Left
1559255908440,-25272.580078125,-53360.98828125,0,0,0,0,-32280.56640625,10650.8740234375,Left
1559255908441,-25250.4296875,-53390.359375,0,0,0,0,-32320.15234375,10796.5400390625,Left
1559255908441,-25308.587890625,-54137.46484375,0,0,0,0,-33414.58203125,10035.486328125,Left
1559255908441,-25220.03125,-56072.703125,0,0,0,0,-36092.58984375,10187.7236328125,Left
1559255908441,-25139.990234375,-54837.03125,0,0,0,0,-34318.01953125,11214.2275390625,Left
1559255908442,-25250.4296875,-53390.359375,0,0,0,0,-32320.15234375,10796.5400390625,Left
1559255908472,-25301.146484375,-53825.92578125,0,0,0,0,-32977.96484375,10126.8818359375,Left
1559255908472,-25240.728515625,-55886.64453125,0,0,0,0,-35843.1015625,10044.560546875,Left
1559255908472,-25140.705078125,-55221.94921875,0,0,0,0,-34864.0703125,11114.4716796875,Left
1559255908472,-25231.85546875,-53495.27734375,0,0,0,0,-32458.107421875,10942.408203125,Left
1559255908472,-25299.89453125,-53592.796875,0,0,0,0,-32648.029296875,10225.341796875,Left
1559255908473,-25274.255859375,-55599.44921875,0,0,0,0,-35444.48046875,9945.9228515625,Left
1559255908473,-25156.529296875,-55614.1796875,0,0,0,0,-35406.8828125,10943.3017578125,Left
1559255908473,-25220.298828125,-53701.875,0,0,0,0,-32725.568359375,11071.556640625,Left
1559255908473,-25303.26953125,-53452.13671875,0,0,0,0,-32444.31640625,10326.70703125,Left
1559255908474,-25296.228515625,-55235.78515625,0,0,0,0,-34947.44140625,9908.662109375,Left
1559255908507,-25170.232421875,-55873.03515625,0,0,0,0,-35801.234375,10760.77734375,Left
1559255908507,-25204.7421875,-53913.61328125,0,0,0,0,-33035.96484375,11169.6357421875,Left
1559255908507,-25303.671875,-53325.16015625,0,0,0,0,-32283.337890625,10451.3623046875,Left
1559255908507,-25316.27734375,-54742.078125,0,0,0,0,-34303.80078125,9930.7900390625,Left
1559255908508,-25198.88671875,-56018.3203125,0,0,0,0,-36039.99609375,10533.6611328125,Left
1559255908508,-25194.908203125,-54169.921875,0,0,0,0,-33413.77734375,11228.4658203125,Left
1559255908508,-25301.078125,-53325,0,0,0,0,-32266.171875,10543.853515625,Left
1559255908508,-25319.853515625,-54386.10546875,0,0,0,0,-33796.10546875,9977.2373046875,Left
1559255908508,-25216.8125,-56080.32421875,0,0,0,0,-36143.015625,10332.3173828125,Left
1559255908509,-25171.884765625,-54512.90625,0,0,0,0,-33903.1015625,11242.5693359375,Left
1559255908543,-25278.548828125,-53333.51953125,0,0,0,0,-32276.72265625,10683.5966796875,Left
1559255908543,-25320.837890625,-54017.9296875,0,0,0,0,-33289.63671875,10055.22265625,Left
1559255908543,-25239.119140625,-55997.19921875,0,0,0,0,-36040.33203125,10145.5908203125,Left
1559255908544,-25157.087890625,-54848.20703125,0,0,0,0,-34400.4296875,11199.1845703125,Left
1559255908544,-25261.986328125,-53346.66015625,0,0,0,0,-32315.01171875,10826.291015625,Left
1559255908544,-25278.548828125,-53333.51953125,0,0,0,0,-32276.72265625,10683.5966796875,Left
1559255908545,-25315.115234375,-53688.7109375,0,0,0,0,-32850.9609375,10150.0380859375,Left
1559255908545,-25320.837890625,-54017.9296875,0,0,0,0,-33289.63671875,10055.22265625,Left
1559255908545,-25265.650390625,-55758.4375,0,0,0,0,-35736.01171875,10011.8828125,Left
1559255908545,-25239.119140625,-55997.19921875,0,0,0,0,-36040.33203125,10145.5908203125,Left
1559255908545,-25166.296875,-55246.9609375,0,0,0,0,-34971.40234375,11077.345703125,Left
1559255908545,-25250.36328125,-53467.29296875,0,0,0,0,-32484.03515625,10970.302734375,Left
1559255908546,-25157.087890625,-54848.20703125,0,0,0,0,-34400.4296875,11199.1845703125,Left
1559255908546,-25314.376953125,-53472.90234375,0,0,0,0,-32552.564453125,10251.0009765625,Left
1559255908546,-25261.986328125,-53346.66015625,0,0,0,0,-32315.01171875,10826.291015625,Left
1559255908546,-25315.115234375,-53688.7109375,0,0,0,0,-32850.9609375,10150.0380859375,Left
1559255908547,-25265.650390625,-55758.4375,0,0,0,0,-35736.01171875,10011.8828125,Left
1559255908547,-25166.296875,-55246.9609375,0,0,0,0,-34971.40234375,11077.345703125,Left
1559255908547,-25250.36328125,-53467.29296875,0,0,0,0,-32484.03515625,10970.302734375,Left
1559255908547,-25314.376953125,-53472.90234375,0,0,0,0,-32552.564453125,10251.0009765625,Left
1559255908577,-25286.86328125,-55419.984375,0,0,0,0,-35281.890625,9932.17578125,Left
1559255908577,-25286.86328125,-55419.984375,0,0,0,0,-35281.890625,9932.17578125,Left
1559255908577,-25165.447265625,-55602.30859375,0,0,0,0,-35477.1796875,10895.46875,Left
1559255908578,-25165.447265625,-55602.30859375,0,0,0,0,-35477.1796875,10895.46875,Left
1559255908578,-25220.388671875,-53702.6796875,0,0,0,0,-32791.73046875,11077.501953125,Left
1559255908578,-25220.388671875,-53702.6796875,0,0,0,0,-32791.73046875,11077.501953125,Left
1559255908578,-25303.716796875,-53388.8828125,0,0,0,0,-32409.939453125,10346.130859375,Left
1559255908579,-25303.716796875,-53388.8828125,0,0,0,0,-32409.939453125,10346.130859375,Left
1559255908579,-25295.916015625,-55044.41015625,0,0,0,0,-34760.08984375,9911.880859375,Left
1559255908579,-25295.916015625,-55044.41015625,0,0,0,0,-34760.08984375,9911.880859375,Left
1559255908580,-25167.572265625,-55853.90234375,0,0,0,0,-35845.984375,10702.998046875,Left
1559255908580,-25167.572265625,-55853.90234375,0,0,0,0,-35845.984375,10702.998046875,Left
1559255908580,-25192.650390625,-53887.50390625,0,0,0,0,-33068.82421875,11194.736328125,Left
1559255908581,-25192.650390625,-53887.50390625,0,0,0,0,-33068.82421875,11194.736328125,Left
1559255908581,-25295.4453125,-53240,0,0,0,0,-32223.2578125,10470.607421875,Left
1559255908581,-25295.4453125,-53240,0,0,0,0,-32223.2578125,10470.607421875,Left
1559255908582,-25311.806640625,-54620.0859375,0,0,0,0,-34175.30078125,9925.8056640625,Left
1559255908582,-25311.806640625,-54620.0859375,0,0,0,0,-34175.30078125,9925.8056640625,Left
1559255908582,-25195.64453125,-56014.38671875,0,0,0,0,-36082.5078125,10481.2021484375,Left
1559255908583,-25195.64453125,-56014.38671875,0,0,0,0,-36082.5078125,10481.2021484375,Left
1559255908613,-25181.943359375,-54208.09765625,0,0,0,0,-33514.78515625,11241.98828125,Left
1559255908613,-25288.517578125,-53248.9609375,0,0,0,0,-32215.92578125,10583.751953125,Left
1559255908614,-25319.072265625,-54236.10546875,0,0,0,0,-33634.390625,9987.83203125,Left
1559255908614,-25220.03125,-56047.17578125,0,0,0,0,-36133.40234375,10269.486328125,Left
1559255908615,-25162.9453125,-54589.28515625,0,0,0,0,-34038.95703125,11225.73828125,Left
1559255908619,-25268.78125,-53334.45703125,0,0,0,0,-32300.794921875,10708.072265625,Left
1559255908619,-25309.125,-53935.6953125,0,0,0,0,-33193.65625,10072.1201171875,Left
1559255908620,-25228.0546875,-55930.58984375,0,0,0,0,-35974.28125,10111.9736328125,Left
1559255908620,-25137.26171875,-54966.671875,0,0,0,0,-34570.14453125,11168.09375,Left
1559255908620,-25243.1875,-53395.1640625,0,0,0,0,-32378.109375,10864.6904296875,Left
1559255908685,-25305.1015625,-53655.0234375,0,0,0,0,-32799.57421875,10167.5625,Left
1559255908685,-25254.2734375,-55726.8984375,0,0,0,0,-35681.51953125,9981.1259765625,Left
1559255908685,-25147.365234375,-55362.05078125,0,0,0,0,-35122.94921875,11036.978515625,Left
1559255908686,-25236.884765625,-53545.9921875,0,0,0,0,-32575.810546875,10993.1015625,Left
1559255908686,-25311.248046875,-53482,0,0,0,0,-32545.8828125,10259.8076171875,Left
1559255908686,-25288.60546875,-55371.90625,0,0,0,0,-35201.203125,9912.73046875,Left
1559255908686,-25166.96875,-55690.6640625,0,0,0,0,-35599.33203125,10849.9609375,Left
1559255908686,-25223.65234375,-53746.7109375,0,0,0,0,-32855.6328125,11104.2119140625,Left
1559255908687,-25309.505859375,-53388.50390625,0,0,0,0,-32400.283203125,10357.0380859375,Left
1559255908687,-25302.53125,-54984.88671875,0,0,0,0,-34666.5703125,9903.7666015625,Left
1559255908752,-25269.0703125,-53360.921875,0,0,0,0,-32351.712890625,10743.6787109375,Left
1559255908752,-25316.076171875,-53891.86328125,0,0,0,0,-33145.01953125,10088.146484375,Left
1559255908752,-25269.0703125,-53360.921875,0,0,0,0,-32351.712890625,10743.6787109375,Left
1559255908752,-25244.595703125,-55950.4140625,0,0,0,0,-36006.6484375,10065.7275390625,Left
1559255908753,-25316.076171875,-53891.86328125,0,0,0,0,-33145.01953125,10088.146484375,Left
1559255908753,-25244.595703125,-55950.4140625,0,0,0,0,-36006.6484375,10065.7275390625,Left
1559255908753,-25153.2890625,-55123.78125,0,0,0,0,-34793.125,11134.677734375,Left
1559255908753,-25153.2890625,-55123.78125,0,0,0,0,-34793.125,11134.677734375,Left
1559255908754,-25248.8203125,-53497.01953125,0,0,0,0,-32515.55078125,10891.3115234375,Left
1559255908754,-25303.26953125,-53638.84375,0,0,0,0,-32787.28125,10200.1962890625,Left
1559255908754,-25263.416015625,-55675.109375,0,0,0,0,-35626.98046875,9962.73046875,Left
1559255908754,-25152.41796875,-55467.03515625,0,0,0,0,-35284.26171875,11002.8916015625,Left
1559255908754,-25248.8203125,-53497.01953125,0,0,0,0,-32515.55078125,10891.3115234375,Left
1559255908755,-25224.61328125,-53610.09765625,0,0,0,0,-32667.87890625,11036.375,Left
1559255908755,-25303.26953125,-53638.84375,0,0,0,0,-32787.28125,10200.1962890625,Left
1559255908755,-25301.525390625,-53459.828125,0,0,0,0,-32518.03125,10297.3369140625,Left
1559255908755,-25263.416015625,-55675.109375,0,0,0,0,-35626.98046875,9962.73046875,Left
1559255908756,-25152.41796875,-55467.03515625,0,0,0,0,-35284.26171875,11002.8916015625,Left
1559255908756,-25224.61328125,-53610.09765625,0,0,0,0,-32667.87890625,11036.375,Left
1559255908757,-25301.525390625,-53459.828125,0,0,0,0,-32518.03125,10297.3369140625,Left
1559255908786,-25281.54296875,-55359.34765625,0,0,0,0,-35160.34375,9896.8828125,Left
1559255908786,-25168.30859375,-55831.05859375,0,0,0,0,-35770.27734375,10811.9404296875,Left
1559255908786,-25224.5234375,-53856.81640625,0,0,0,0,-32982.94921875,11143.0146484375,Left
1559255908787,-25316.076171875,-53392.7734375,0,0,0,0,-32389.419921875,10399.349609375,Left
1559255908787,-25316.724609375,-54942.1953125,0,0,0,0,-34579.421875,9900.6826171875,Left
1559255908787,-25191.779296875,-56068.90234375,0,0,0,0,-36102.53515625,10583.2158203125,Left
1559255908787,-25281.54296875,-55359.34765625,0,0,0,0,-35160.34375,9896.8828125,Left
1559255908787,-25196.6953125,-54164.3984375,0,0,0,0,-33394.53125,11216.8203125,Left
1559255908788,-25168.30859375,-55831.05859375,0,0,0,0,-35770.27734375,10811.9404296875,Left
1559255908788,-25224.5234375,-53856.81640625,0,0,0,0,-32982.94921875,11143.0146484375,Left
1559255908788,-25301.861328125,-53374.7578125,0,0,0,0,-32336.087890625,10517.9033203125,Left
1559255908788,-25316.076171875,-53392.7734375,0,0,0,0,-32389.419921875,10399.349609375,Left
1559255908789,-25327.6328125,-54563.109375,0,0,0,0,-34032.921875,9944.044921875,Left
1559255908789,-25316.724609375,-54942.1953125,0,0,0,0,-34579.421875,9900.6826171875,Left
1559255908789,-25191.779296875,-56068.90234375,0,0,0,0,-36102.53515625,10583.2158203125,Left
1559255908789,-25218.712890625,-56164.14453125,0,0,0,0,-36240.08984375,10376.193359375,Left
1559255908790,-25196.6953125,-54164.3984375,0,0,0,0,-33394.53125,11216.8203125,Left
1559255908790,-25301.861328125,-53374.7578125,0,0,0,0,-32336.087890625,10517.9033203125,Left
1559255908790,-25327.6328125,-54563.109375,0,0,0,0,-34032.921875,9944.044921875,Left
1559255908790,-25218.712890625,-56164.14453125,0,0,0,0,-36240.08984375,10376.193359375,Left
1559255908858,-25314.802734375,-53615.28515625,0,0,0,0,-32714.81640625,10210.8125,Left
1559255908858,-25276.693359375,-55632.015625,0,0,0,0,-35536.63671875,9931.572265625,Left
1559255908858,-25157.267578125,-55604.87890625,0,0,0,0,-35443.65234375,10952.890625,Left
1559255908858,-25234.60546875,-53680.23828125,0,0,0,0,-32742.935546875,11063.419921875,Left
1559255908859,-25321.619140625,-53482.9609375,0,0,0,0,-32519.26171875,10309.205078125,Left
1559255908859,-25299.06640625,-55263.97265625,0,0,0,0,-35032.1328125,9897.4189453125,Left
1559255908859,-25184.89453125,-55894.6015625,0,0,0,0,-35876.3828125,10754.138671875,Left
1559255908859,-25214.779296875,-53892.37890625,0,0,0,0,-33056.73046875,11170.0380859375,Left
1559255908859,-25300.4296875,-53373.55078125,0,0,0,0,-32378.625,10420.94140625,Left
1559255908860,-25314.7578125,-54842.484375,0,0,0,0,-34464.62109375,9907.208984375,Left
1559255908892,-25196.31640625,-56104.41796875,0,0,0,0,-36183.875,10525.4580078125,Left
1559255908892,-25197.76953125,-54231.87890625,0,0,0,0,-33516.75390625,11223.8837890625,Left
1559255908892,-25299.46875,-53377.484375,0,0,0,0,-32363.134765625,10535.4716796875,Left
1559255908893,-25314.490234375,-54470.328125,0,0,0,0,-33938.12890625,9956.875,Left
1559255908893,-25215.13671875,-56202.609375,0,0,0,0,-36325.8984375,10309.763671875,Left
1559255908893,-25173.71875,-54606.40625,0,0,0,0,-34037.703125,11239.3505859375,Left
1559255908894,-25284.13671875,-53407.66015625,0,0,0,0,-32391.185546875,10675.3935546875,Left
1559255908894,-25321.486328125,-54139.296875,0,0,0,0,-33462.1015625,10032.7138671875,Left
1559255908894,-25238.3828125,-56132.0234375,0,0,0,0,-36234.1875,10135.9345703125,Left
1559255908895,-25159.837890625,-54987.8828125,0,0,0,0,-34578.484375,11188.5673828125,Left
1559255908926,-25257.044921875,-53477.57421875,0,0,0,0,-32475.876953125,10818.8251953125,Left
1559255908927,-25304.6328125,-53846.40234375,0,0,0,0,-33045.2890625,10133.654296875,Left
1559255908927,-25252.0390625,-55921.2890625,0,0,0,0,-35940.41796875,10005.04296875,Left
1559255908928,-25139.833984375,-55374.6328125,0,0,0,0,-35118.41015625,11083.9619140625,Left
1559255908928,-25237.130859375,-53597.9375,0,0,0,0,-32623.287109375,10965.228515625,Left
1559255908928,-25309.349609375,-53646.0859375,0,0,0,0,-32740.208984375,10231.287109375,Left
1559255908929,-25257.044921875,-53477.57421875,0,0,0,0,-32475.876953125,10818.8251953125,Left
1559255908929,-25304.6328125,-53846.40234375,0,0,0,0,-33045.2890625,10133.654296875,Left
1559255908929,-25276.984375,-55630.62890625,0,0,0,0,-35516.18359375,9916.26171875,Left
1559255908929,-25252.0390625,-55921.2890625,0,0,0,0,-35940.41796875,10005.04296875,Left
1559255908930,-25139.833984375,-55374.6328125,0,0,0,0,-35118.41015625,11083.9619140625,Left
1559255908930,-25157.37890625,-55754.66015625,0,0,0,0,-35637.3515625,10913.529296875,Left
1559255908930,-25225.1953125,-53803.75390625,0,0,0,0,-32885.31640625,11086.666015625,Left
1559255908930,-25237.130859375,-53597.9375,0,0,0,0,-32623.287109375,10965.228515625,Left
1559255908930,-25309.349609375,-53646.0859375,0,0,0,0,-32740.208984375,10231.287109375,Left
1559255908930,-25307.11328125,-53519.70703125,0,0,0,0,-32539.6015625,10332.6298828125,Left
1559255908930,-25276.984375,-55630.62890625,0,0,0,0,-35516.18359375,9916.26171875,Left
1559255908931,-25157.37890625,-55754.66015625,0,0,0,0,-35637.3515625,10913.529296875,Left
1559255908931,-25225.1953125,-53803.75390625,0,0,0,0,-32885.31640625,11086.666015625,Left
1559255908931,-25307.11328125,-53519.70703125,0,0,0,0,-32539.6015625,10332.6298828125,Left
1559255909029,-25170.365234375,-54719.83984375,0,0,0,0,-34153.91015625,11240.267578125,Left
1559255909030,-25281.923828125,-53431.1953125,0,0,0,0,-32382.78125,10717.3037109375,Left
1559255909030,-25321.865234375,-54054.02734375,0,0,0,0,-33312.75,10064.8779296875,Left
1559255909031,-25251.033203125,-56082.22265625,0,0,0,0,-36135.97265625,10101.5576171875,Left
1559255909031,-25165.26953125,-55064.70703125,0,0,0,0,-34661.67578125,11173.994140625,Left
1559255909032,-25266.8359375,-53496.6640625,0,0,0,0,-32471.361328125,10849.7373046875,Left
1559255909033,-25332.55078125,-53786.69921875,0,0,0,0,-32933.03515625,10145.724609375,Left
1559255909033,-25281.005859375,-55873.63671875,0,0,0,0,-35842.71875,9958.88671875,Left
1559255909034,-25167.59375,-55514.17578125,0,0,0,0,-35277.66796875,11026.2939453125,Left
1559255909034,-25256.59765625,-53678.5859375,0,0,0,0,-32702.76953125,10979.556640625,Left
1559255909097,-25233.30859375,-56224.9609375,0,0,0,0,-36306.40625,10417.7001953125,Left
1559255909099,-25199.66796875,-54445.62890625,0,0,0,0,-33771.359375,11233.740234375,Left
1559255909099,-25307.0234375,-53442.953125,0,0,0,0,-32393.287109375,10593.1845703125,Left
1559255909100,-25348.083984375,-54336.44140625,0,0,0,0,-33695.85546875,9981.88671875,Left
1559255909100,-25252.26171875,-56225.85546875,0,0,0,0,-36309.55859375,10205.9853515625,Left
1559255909100,-25185.029296875,-54839.265625,0,0,0,0,-34308.78515625,11209.220703125,Left
1559255909100,-25296.541015625,-53486.76171875,0,0,0,0,-32435.978515625,10729.216796875,Left
1559255909100,-25342.294921875,-54033.53125,0,0,0,0,-33254.296875,10065.392578125,Left
1559255909101,-25275.150390625,-56098.8515625,0,0,0,0,-36129.78125,10041.296875,Left
1559255909101,-25175.86328125,-55257.78125,0,0,0,0,-34886.3984375,11120.193359375,Left
1559255909131,-25264.421875,-53593.1328125,0,0,0,0,-32564.76953125,10875.6435546875,Left
1559255909132,-25320.2109375,-53771.546875,0,0,0,0,-32879.01171875,10170.646484375,Left
1559255909132,-25275.8203125,-55816.3046875,0,0,0,0,-35739.8359375,9938.45703125,Left
1559255909132,-25158.810546875,-55576.26953125,0,0,0,0,-35359.83203125,10996.6328125,Left
1559255909133,-25241.66796875,-53679.03125,0,0,0,0,-32700.712890625,11023.41015625,Left
1559255909133,-25321.216796875,-53564.1640625,0,0,0,0,-32592.57421875,10267.4072265625,Left
1559255909133,-25305.951171875,-55440.37109375,0,0,0,0,-35226.55078125,9884.74609375,Left
1559255909133,-25184.447265625,-55918.2734375,0,0,0,0,-35843.2578125,10787.0634765625,Left
1559255909134,-25235.833984375,-53932.8359375,0,0,0,0,-33038.3125,11126.83203125,Left
1559255909134,-25323.02734375,-53478.46875,0,0,0,0,-32457.525390625,10377.3330078125,Left
1559255909199,-25317.306640625,-55010.27734375,0,0,0,0,-34640.171875,9894.0888671875,Left
1559255909199,-25190.951171875,-56109.22265625,0,0,0,0,-36136.265625,10582.388671875,Left
1559255909200,-25195.041015625,-54175.53125,0,0,0,0,-33391.0234375,11215.9482421875,Left
1559255909200,-25299.357421875,-53386.08984375,0,0,0,0,-32338.94921875,10507.1298828125,Left
1559255909200,-25317.5078125,-54610.78515625,0,0,0,0,-34082.87890625,9926.9453125,Left
1559255909200,-25205.212890625,-56223.015625,0,0,0,0,-36305.734375,10366.4931640625,Left
1559255909201,-25167.818359375,-54511.56640625,0,0,0,0,-33865.26171875,11245.408203125,Left
1559255909201,-25278.32421875,-53395.41015625,0,0,0,0,-32339.396484375,10636.5693359375,Left
1559255909201,-25320.591796875,-54204.51953125,0,0,0,0,-33522.49609375,10009.625,Left
1559255909202,-25233.30859375,-56146.8203125,0,0,0,0,-36219.3671875,10169.6630859375,Left
1559255909307,-25213.615234375,-56206.23046875,0,0,0,0,-36288.1015625,10318.861328125,Left
1559255909307,-25174.388671875,-54601.46484375,0,0,0,0,-33989.71484375,11240.37890625,Left
1559255909308,-25285.455078125,-53417.6484375,0,0,0,0,-32360.20703125,10672.1533203125,Left
1559255909308,-25325.755859375,-54107.06640625,0,0,0,0,-33390.84375,10044.91796875,Left
1559255909308,-25243.8125,-56066.3984375,0,0,0,0,-36130.90234375,10143.5341796875,Left
1559255909308,-25163.34765625,-54920.9609375,0,0,0,0,-34476.78125,11187.337890625,Left
1559255909309,-25272.3125,-53429.98828125,0,0,0,0,-32394.76171875,10806.62109375,Left
1559255909309,-25324.7265625,-53777.109375,0,0,0,0,-32942.359375,10128.15625,Left
1559255909309,-25267.193359375,-55857.69921875,0,0,0,0,-35847.01171875,9990.9384765625,Left
1559255909309,-25163.83984375,-55313.8359375,0,0,0,0,-35032.828125,11067.2197265625,Left
1559255909342,-25252.59765625,-53534.953125,0,0,0,0,-32542.216796875,10947.2578125,Left
1559255909342,-25324.4140625,-53568.078125,0,0,0,0,-32648.1640625,10218.30078125,Left
1559255909343,-25300.921875,-55541.4453125,0,0,0,0,-35415.9140625,9903.521484375,Left
1559255909343,-25171.728515625,-55679.8046875,0,0,0,0,-35551.69921875,10891.9599609375,Left
1559255909343,-25227.072265625,-53755.765625,0,0,0,0,-32827.8046875,11072.2265625,Left
1559255909344,-25318.625,-53452.18359375,0,0,0,0,-32465.21484375,10330.2158203125,Left
1559255909344,-25315.181640625,-55179.99609375,0,0,0,0,-34902.16015625,9886.376953125,Left
1559255909345,-25189.431640625,-55958.68359375,0,0,0,0,-35954.45703125,10700.181640625,Left
1559255909345,-25215.986328125,-53982.45703125,0,0,0,0,-33154.41015625,11180.0517578125,Left
1559255909345,-25314.087890625,-53370.2421875,0,0,0,0,-32347.3984375,10444.1650390625,Left
1559255909376,-25328.080078125,-54757.99609375,0,0,0,0,-34319.3125,9905.443359375,Left
1559255909376,-25211.89453125,-56119.75390625,0,0,0,0,-36190.7578125,10479.5927734375,Left
1559255909376,-25194.326171875,-54284.2734375,0,0,0,0,-33576.8125,11233.6513671875,Left
1559255909376,-25303.42578125,-53333.2265625,0,0,0,0,-32288.5234375,10574.251953125,Left
1559255909377,-25328.080078125,-54757.99609375,0,0,0,0,-34319.3125,9905.443359375,Left
1559255909377,-25339.58984375,-54330.3828125,0,0,0,0,-33730.50390625,9971.716796875,Left
1559255909377,-25233.197265625,-56114.85546875,0,0,0,0,-36202.76171875,10272.615234375,Left
1559255909377,-25211.89453125,-56119.75390625,0,0,0,0,-36190.7578125,10479.5927734375,Left
1559255909377,-25176.19921875,-54590.9609375,0,0,0,0,-34024.78515625,11240.9375,Left
1559255909378,-25279.84375,-53309.98046875,0,0,0,0,-32260.361328125,10711.4248046875,Left
1559255909378,-25194.326171875,-54284.2734375,0,0,0,0,-33576.8125,11233.6513671875,Left
1559255909378,-25314.958984375,-53947.4296875,0,0,0,0,-33200.7421875,10061.771484375,Left
1559255909378,-25240.70703125,-55980.703125,0,0,0,0,-36029.8046875,10103.9267578125,Left
1559255909378,-25303.42578125,-53333.2265625,0,0,0,0,-32288.5234375,10574.251953125,Left
1559255909378,-25339.58984375,-54330.3828125,0,0,0,0,-33730.50390625,9971.716796875,Left
1559255909379,-25233.197265625,-56114.85546875,0,0,0,0,-36202.76171875,10272.615234375,Left
1559255909379,-25176.19921875,-54590.9609375,0,0,0,0,-34024.78515625,11240.9375,Left
1559255909379,-25279.84375,-53309.98046875,0,0,0,0,-32260.361328125,10711.4248046875,Left
1559255909379,-25314.958984375,-53947.4296875,0,0,0,0,-33200.7421875,10061.771484375,Left
1559255909379,-25240.70703125,-55980.703125,0,0,0,0,-36029.8046875,10103.9267578125,Left
1559255909409,-25155.748046875,-54975.8359375,0,0,0,0,-34570.30078125,11177.123046875,Left
1559255909410,-25264.712890625,-53370.77734375,0,0,0,0,-32342.99609375,10866.3896484375,Left
1559255909410,-25323.228515625,-53659.44921875,0,0,0,0,-32802.59375,10151.669921875,Left
1559255909410,-25280.40234375,-55760.13671875,0,0,0,0,-35723.203125,9969.861328125,Left
1559255909410,-25178.0546875,-55361.84765625,0,0,0,0,-35119.484375,11041.560546875,Left
1559255909411,-25251.859375,-53512.30859375,0,0,0,0,-32530.99609375,10996.8564453125,Left
1559255909411,-25317.41796875,-53459.8046875,0,0,0,0,-32517.697265625,10255.7177734375,Left
1559255909411,-25291.087890625,-55390.3046875,0,0,0,0,-35223.98046875,9911.5673828125,Left
1559255909411,-25171.482421875,-55664.08984375,0,0,0,0,-35566.6328125,10866.412109375,Left
1559255909412,-25218.48828125,-53720.78515625,0,0,0,0,-32811.890625,11110.3583984375,Left
1559255909445,-25299.291015625,-53340.9609375,0,0,0,0,-32339.0390625,10369.4208984375,Left
1559255909446,-25310.220703125,-54987.546875,0,0,0,0,-34666.6171875,9893.8203125,Left
1559255909446,-25181.541015625,-55921.42578125,0,0,0,0,-35931.61328125,10654.6064453125,Left
1559255909446,-25194.908203125,-53952.125,0,0,0,0,-33144.640625,11208.1923828125,Left
1559255909446,-25293.43359375,-53267.24609375,0,0,0,0,-32232.890625,10479.1904296875,Left
1559255909446,-25312.41015625,-54554.7734375,0,0,0,0,-34073.265625,9924.6884765625,Left
1559255909447,-25200.33984375,-56064.38671875,0,0,0,0,-36143.84375,10425.4345703125,Left
1559255909447,-25179.373046875,-54277.1640625,0,0,0,0,-33601.17578125,11252.2255859375,Left
1559255909447,-25294.39453125,-53277.5703125,0,0,0,0,-32231.9296875,10603.1982421875,Left
1559255909447,-25331.208984375,-54205.75,0,0,0,0,-33574.62109375,9993.12890625,Left
1559255909518,-25244.037109375,-56055.9375,0,0,0,0,-36151.015625,10234.2822265625,Left
1559255909518,-25182.859375,-54639.93359375,0,0,0,0,-34125.48046875,11234.076171875,Left
1559255909519,-25282.974609375,-53302.47265625,0,0,0,0,-32270.486328125,10741.130859375,Left
1559255909519,-25325.59765625,-53872.9765625,0,0,0,0,-33112.38671875,10070.3095703125,Left
1559255909519,-25247.3671875,-55959.22265625,0,0,0,0,-36009.41796875,10054.26171875,Left
1559255909519,-25149.109375,-55068.1484375,0,0,0,0,-34718.203125,11151.9111328125,Left
1559255909519,-25247.8359375,-53398.5390625,0,0,0,0,-32391.54296875,10896.2734375,Left
1559255909520,-25317.619140625,-53586.33984375,0,0,0,0,-32716.8515625,10183.8125,Left
1559255909520,-25278.951171875,-55639.7265625,0,0,0,0,-35587.26171875,9952.560546875,Left
1559255909520,-25165.359375,-55450.5625,0,0,0,0,-35259.0703125,10990.84375,Left
1559255909551,-25241.48828125,-53591.7265625,0,0,0,0,-32637.166015625,11023.5224609375,Left
1559255909551,-25325.798828125,-53445.7890625,0,0,0,0,-32496.708984375,10284.7744140625,Left
1559255909552,-25307.42578125,-55300.359375,0,0,0,0,-35108.2421875,9900.548828125,Left
1559255909552,-25176.51171875,-55772.49609375,0,0,0,0,-35715.13671875,10806.173828125,Left
1559255909553,-25225.8203125,-53800.24609375,0,0,0,0,-32923.08984375,11136.7119140625,Left
1559255909553,-25333.443359375,-53368.05078125,0,0,0,0,-32364.69921875,10381.06640625,Left
1559255909553,-25241.48828125,-53591.7265625,0,0,0,0,-32637.166015625,11023.5224609375,Left
1559255909553,-25331.8125,-54936.67578125,0,0,0,0,-34581.41015625,9888.7685546875,Left
1559255909554,-25325.798828125,-53445.7890625,0,0,0,0,-32496.708984375,10284.7744140625,Left
1559255909554,-25195.533203125,-56026.1875,0,0,0,0,-36062.7734375,10587.8642578125,Left
1559255909554,-25307.42578125,-55300.359375,0,0,0,0,-35108.2421875,9900.548828125,Left
1559255909554,-25213.99609375,-54081.25,0,0,0,0,-33301.83984375,11214.5625,Left
1559255909554,-25176.51171875,-55772.49609375,0,0,0,0,-35715.13671875,10806.173828125,Left
1559255909555,-25326.0234375,-53311.234375,0,0,0,0,-32265.8828125,10495.619140625,Left
1559255909555,-25225.8203125,-53800.24609375,0,0,0,0,-32923.08984375,11136.7119140625,Left
1559255909555,-25333.443359375,-53368.05078125,0,0,0,0,-32364.69921875,10381.06640625,Left
1559255909556,-25331.8125,-54936.67578125,0,0,0,0,-34581.41015625,9888.7685546875,Left
1559255909556,-25195.533203125,-56026.1875,0,0,0,0,-36062.7734375,10587.8642578125,Left
1559255909556,-25213.99609375,-54081.25,0,0,0,0,-33301.83984375,11214.5625,Left
1559255909556,-25326.0234375,-53311.234375,0,0,0,0,-32265.8828125,10495.619140625,Left
1559255909617,-25221.08203125,-55186.92578125,0,0,0,0,-34856.40234375,11080.876953125,Left
1559255909618,-25312.65625,-53481.0625,0,0,0,0,-32465.83984375,10880.470703125,Left
1559255909618,-25385.388671875,-53599.703125,0,0,0,0,-32689.224609375,10158.6220703125,Left
1559255909619,-25348.21875,-55601.7734375,0,0,0,0,-35497.40625,9891.451171875,Left
1559255909619,-25232.34765625,-55554.72265625,0,0,0,0,-35378.18359375,10908.4111328125,Left
1559255909619,-25314.802734375,-53642.46484375,0,0,0,0,-32682.02734375,11004.166015625,Left
1559255909619,-25395.1796875,-53440.671875,0,0,0,0,-32453.501953125,10251.5830078125,Left
1559255909619,-25377.72265625,-55250.359375,0,0,0,0,-34997.109375,9832.3974609375,Left
1559255909620,-25250.474609375,-55862.08203125,0,0,0,0,-35811.16015625,10702.73046875,Left
1559255909620,-25283.17578125,-53871.1875,0,0,0,0,-32995.5546875,11109.017578125,Left
1559255909651,-25370.033203125,-53371.1796875,0,0,0,0,-32334.880859375,10357.91015625,Left
1559255909652,-25370.033203125,-53371.1796875,0,0,0,0,-32334.880859375,10357.91015625,Left
1559255909652,-25377.857421875,-54830.97265625,0,0,0,0,-34413.05859375,9850.9501953125,Left
1559255909652,-25254.900390625,-56077.55078125,0,0,0,0,-36113.19921875,10473.087890625,Left
1559255909652,-25377.857421875,-54830.97265625,0,0,0,0,-34413.05859375,9850.9501953125,Left
1559255909652,-25249.15625,-54185.1875,0,0,0,0,-33424.39453125,11173.3232421875,Left
1559255909653,-25357.896484375,-53316.88671875,0,0,0,0,-32255.5546875,10488.1982421875,Left
1559255909653,-25254.900390625,-56077.55078125,0,0,0,0,-36113.19921875,10473.087890625,Left
1559255909653,-25381.322265625,-54414.13671875,0,0,0,0,-33835.7109375,9902.783203125,Left
1559255909653,-25273.2734375,-56132.89453125,0,0,0,0,-36208.28125,10259.78515625,Left
1559255909653,-25249.15625,-54185.1875,0,0,0,0,-33424.39453125,11173.3232421875,Left
1559255909653,-25357.896484375,-53316.88671875,0,0,0,0,-32255.5546875,10488.1982421875,Left
1559255909654,-25381.322265625,-54414.13671875,0,0,0,0,-33835.7109375,9902.783203125,Left
1559255909654,-25239.1875,-54525.04296875,0,0,0,0,-33907.19140625,11185.103515625,Left
1559255909654,-25356.9140625,-53312.3046875,0,0,0,0,-32249.341796875,10616.0947265625,Left
1559255909654,-25406.154296875,-54048.1015625,0,0,0,0,-33325.375,9966.0166015625,Left
1559255909654,-25273.2734375,-56132.89453125,0,0,0,0,-36208.28125,10259.78515625,Left
1559255909655,-25239.1875,-54525.04296875,0,0,0,0,-33907.19140625,11185.103515625,Left
1559255909655,-25356.9140625,-53312.3046875,0,0,0,0,-32249.341796875,10616.0947265625,Left
1559255909655,-25406.154296875,-54048.1015625,0,0,0,0,-33325.375,9966.0166015625,Left
1559255909685,-25334.62890625,-56047.7578125,0,0,0,0,-36102.515625,10061.771484375,Left
1559255909685,-25243.8125,-54894.2265625,0,0,0,0,-34435.41015625,11120.39453125,Left
1559255909686,-25349.357421875,-53392.97265625,0,0,0,0,-32345.72265625,10741.1083984375,Left
1559255909686,-25402.9140625,-53763.38671875,0,0,0,0,-32921.4375,10054.685546875,Left
1559255909686,-25342.96484375,-55823.01171875,0,0,0,0,-35800.8984375,9931.908203125,Left
1559255909686,-25231.20703125,-55274.9921875,0,0,0,0,-34977.8203125,11006.6025390625,Left
1559255909687,-25325.15234375,-53519.55078125,0,0,0,0,-32508.509765625,10888.0703125,Left
1559255909687,-25398.15234375,-53523.6875,0,0,0,0,-32582.3828125,10168.3896484375,Left
1559255909687,-25371.666015625,-55515.11328125,0,0,0,0,-35365.3984375,9842.1875,Left
1559255909687,-25246.2265625,-55657.8984375,0,0,0,0,-35502.05859375,10833.0634765625,Left
1559255909755,-25309.505859375,-53715.53125,0,0,0,0,-32762.89453125,11015.0283203125,Left
1559255909755,-25389.63671875,-53430.45703125,0,0,0,0,-32417.337890625,10263.5849609375,Left
1559255909756,-25377.833984375,-55161.2421875,0,0,0,0,-34855.66796875,9816.8857421875,Left
1559255909756,-25255.212890625,-55947.75390625,0,0,0,0,-35913.6875,10631.0029296875,Left
1559255909756,-25286.103515625,-53935.80859375,0,0,0,0,-33078.8359375,11120.7744140625,Left
1559255909756,-25375.419921875,-53332.51171875,0,0,0,0,-32281.88671875,10380.216796875,Left
1559255909757,-25382.4609375,-54720.7109375,0,0,0,0,-34255.65625,9846.14453125,Left
1559255909757,-25266.701171875,-56093.3984375,0,0,0,0,-36137.09375,10414.83984375,Left
1559255909757,-25254.765625,-54264.84765625,0,0,0,0,-33529.2265625,11172.2509765625,Left
1559255909757,-25366.681640625,-53342.30078125,0,0,0,0,-32270.017578125,10500.267578125,Left
1559255909825,-25252.75390625,-55436.16796875,0,0,0,0,-35151.8515625,10962.6142578125,Left
1559255909825,-25329.666015625,-53639.53515625,0,0,0,0,-32615.708984375,10900.69921875,Left
1559255909826,-25391.603515625,-53602.05078125,0,0,0,0,-32616.021484375,10170.8037109375,Left
1559255909826,-25370.8828125,-55525.28515625,0,0,0,0,-35315.46484375,9825.0888671875,Left
1559255909826,-25250.318359375,-55797.4609375,0,0,0,0,-35652.953125,10777.98828125,Left
1559255909826,-25298.015625,-53834.8671875,0,0,0,0,-32882.12109375,11028.373046875,Left
1559255909827,-25386.57421875,-53448.5859375,0,0,0,0,-32404.8203125,10285.5126953125,Left
1559255909827,-25376.068359375,-55073.734375,0,0,0,0,-34709.12890625,9815.0078125,Left
1559255909828,-25243.43359375,-56027.73046875,0,0,0,0,-35992.43359375,10565.3115234375,Left
1559255909828,-25257.291015625,-54080.46875,0,0,0,0,-33225.62109375,11118.3388671875,Left
1559255909860,-25353.42578125,-53385.26171875,0,0,0,0,-32302.830078125,10404.267578125,Left
1559255909861,-25373.900390625,-54688.81640625,0,0,0,0,-34156.4609375,9846.9267578125,Left
1559255909861,-25273.80859375,-56194.875,0,0,0,0,-36220.0390625,10350.0419921875,Left
1559255909861,-25250.51953125,-54387.1796875,0,0,0,0,-33659.1796875,11172.921875,Left
1559255909861,-25351.5703125,-53377.70703125,0,0,0,0,-32279.181640625,10529.90625,Left
1559255909862,-25386.640625,-54289.078125,0,0,0,0,-33602.6484375,9920.642578125,Left
1559255909862,-25298.732421875,-56152.36328125,0,0,0,0,-36188.94921875,10155.6484375,Left
1559255909862,-25228.771484375,-54737.4765625,0,0,0,0,-34163.94921875,11155.8447265625,Left
1559255909863,-25331.431640625,-53391.67578125,0,0,0,0,-32302.11328125,10674.4326171875,Left
1559255909863,-25370.8828125,-53943.25,0,0,0,0,-33126.24609375,10009.2451171875,Left
1559255909930,-25286.505859375,-53823.82421875,0,0,0,0,-32902.83984375,11076.40625,Left
1559255909931,-25286.505859375,-53823.82421875,0,0,0,0,-32902.83984375,11076.40625,Left
1559255909931,-25381.41015625,-53374.48828125,0,0,0,0,-32331.462890625,10321.3203125,Left
1559255909931,-25381.41015625,-53374.48828125,0,0,0,0,-32331.462890625,10321.3203125,Left
1559255909932,-25375.017578125,-54965.9765625,0,0,0,0,-34573.921875,9821.4453125,Left
1559255909932,-25239.544921875,-56051.04296875,0,0,0,0,-36050.8125,10531.001953125,Left
1559255909932,-25375.017578125,-54965.9765625,0,0,0,0,-34573.921875,9821.4453125,Left
1559255909932,-25248.439453125,-54099.625,0,0,0,0,-33289.8359375,11154.9951171875,Left
1559255909932,-25341.892578125,-53353.546875,0,0,0,0,-32281.505859375,10442.6005859375,Left
1559255909933,-25239.544921875,-56051.04296875,0,0,0,0,-36050.8125,10531.001953125,Left
1559255909933,-25371.798828125,-54562.26171875,0,0,0,0,-34006.65625,9875.8720703125,Left
1559255909933,-25248.439453125,-54099.625,0,0,0,0,-33289.8359375,11154.9951171875,Left
1559255909933,-25341.892578125,-53353.546875,0,0,0,0,-32281.505859375,10442.6005859375,Left
1559255909933,-25264.7578125,-56182.71875,0,0,0,0,-36229.49609375,10303.1259765625,Left
1559255909933,-25371.798828125,-54562.26171875,0,0,0,0,-34006.65625,9875.8720703125,Left
1559255909934,-25234.404296875,-54501.3515625,0,0,0,0,-33817.76171875,11172.83203125,Left
1559255909934,-25264.7578125,-56182.71875,0,0,0,0,-36229.49609375,10303.1259765625,Left
1559255909934,-25344.619140625,-53393.6875,0,0,0,0,-32303.076171875,10571.16796875,Left
1559255909935,-25234.404296875,-54501.3515625,0,0,0,0,-33817.76171875,11172.83203125,Left
1559255909935,-25344.619140625,-53393.6875,0,0,0,0,-32303.076171875,10571.16796875,Left
1559255909965,-25380.44921875,-54213.953125,0,0,0,0,-33500.16796875,9944.7822265625,Left
1559255909966,-25295.111328125,-56157.125,0,0,0,0,-36191.5625,10114.0302734375,Left
1559255909966,-25226.357421875,-54853.4375,0,0,0,0,-34319.3359375,11146.3232421875,Left
1559255909966,-25337.53515625,-53432.42578125,0,0,0,0,-32347.01953125,10705.9931640625,Left
1559255909967,-25390.10546875,-53876.10546875,0,0,0,0,-33030.71484375,10035.955078125,Left
1559255909967,-25329.533203125,-55943.84375,0,0,0,0,-35912.79296875,9962.171875,Left
1559255909968,-25216.5,-55226.10546875,0,0,0,0,-34851.30859375,11041.0009765625,Left
1559255909968,-25307.224609375,-53523.46484375,0,0,0,0,-32464.767578125,10846.2509765625,Left
1559255909968,-25381.880859375,-53668.03515625,0,0,0,0,-32713.095703125,10121.31640625,Left
1559255909969,-25351.369140625,-55673.54296875,0,0,0,0,-35523.2890625,9863.5341796875,Left
1559255910036,-25229.0390625,-55615.51953125,0,0,0,0,-35389.6484375,10885.0537109375,Left
1559255910037,-25229.0390625,-55615.51953125,0,0,0,0,-35389.6484375,10885.0537109375,Left
1559255910038,-25303.08984375,-53699.37109375,0,0,0,0,-32691.4375,10983.9150390625,Left
1559255910038,-25379.689453125,-53477.5078125,0,0,0,0,-32445.3671875,10238.193359375,Left
1559255910038,-25363.685546875,-55289.875,0,0,0,0,-34991.453125,9824.6640625,Left
1559255910038,-25303.08984375,-53699.37109375,0,0,0,0,-32691.4375,10983.9150390625,Left
1559255910039,-25239.857421875,-55879.24609375,0,0,0,0,-35778.125,10697.6787109375,Left
1559255910039,-25276.447265625,-53885.0234375,0,0,0,0,-32960.796875,11093.908203125,Left
1559255910039,-25372.380859375,-53406.78515625,0,0,0,0,-32326.298828125,10329.880859375,Left
1559255910040,-25380.583984375,-54910.27734375,0,0,0,0,-34449.78125,9820.5068359375,Left
1559255910040,-25260.0859375,-56129.20703125,0,0,0,0,-36114.6953125,10465.935546875,Left
1559255910040,-25263.37109375,-54205.37109375,0,0,0,0,-33392.69921875,11157.6328125,Left
1559255910041,-25379.689453125,-53477.5078125,0,0,0,0,-32445.3671875,10238.193359375,Left
1559255910042,-25363.685546875,-55289.875,0,0,0,0,-34991.453125,9824.6640625,Left
1559255910042,-25239.857421875,-55879.24609375,0,0,0,0,-35778.125,10697.6787109375,Left
1559255910042,-25276.447265625,-53885.0234375,0,0,0,0,-32960.796875,11093.908203125,Left
1559255910043,-25372.380859375,-53406.78515625,0,0,0,0,-32326.298828125,10329.880859375,Left
1559255910043,-25380.583984375,-54910.27734375,0,0,0,0,-34449.78125,9820.5068359375,Left
1559255910044,-25260.0859375,-56129.20703125,0,0,0,0,-36114.6953125,10465.935546875,Left
1559255910044,-25263.37109375,-54205.37109375,0,0,0,0,-33392.69921875,11157.6328125,Left
1559255910069,-25368.021484375,-53346.390625,0,0,0,0,-32241.18359375,10462.4267578125,Left
1559255910070,-25391.71484375,-54473.90234375,0,0,0,0,-33855,9876.296875,Left
1559255910070,-25287.220703125,-56165.640625,0,0,0,0,-36193.59765625,10254.6220703125,Left
1559255910070,-25244.328125,-54535.66015625,0,0,0,0,-33866.9375,11174.396484375,Left
1559255910071,-25351.90625,-53349.72265625,0,0,0,0,-32241.40625,10600.515625,Left
1559255910071,-25386.91015625,-54084.53515625,0,0,0,0,-33320.7734375,9960.16015625,Left
1559255910071,-25304.4765625,-56083.1640625,0,0,0,0,-36097.375,10067.359375,Left
1559255910071,-25217.080078125,-54904.1953125,0,0,0,0,-34401.94921875,11129,Left
1559255910072,-25368.021484375,-53346.390625,0,0,0,0,-32241.18359375,10462.4267578125,Left
1559255910072,-25391.71484375,-54473.90234375,0,0,0,0,-33855,9876.296875,Left
1559255910072,-25314.154296875,-53415.4609375,0,0,0,0,-32327.103515625,10743.90234375,Left
1559255910073,-25287.220703125,-56165.640625,0,0,0,0,-36193.59765625,10254.6220703125,Left
1559255910073,-25244.328125,-54535.66015625,0,0,0,0,-33866.9375,11174.396484375,Left
1559255910073,-25370.748046875,-53807.015625,0,0,0,0,-32926.6875,10053.9931640625,Left
1559255910073,-25351.90625,-53349.72265625,0,0,0,0,-32241.40625,10600.515625,Left
1559255910073,-25386.91015625,-54084.53515625,0,0,0,0,-33320.7734375,9960.16015625,Left
1559255910074,-25304.4765625,-56083.1640625,0,0,0,0,-36097.375,10067.359375,Left
1559255910074,-25217.080078125,-54904.1953125,0,0,0,0,-34401.94921875,11129,Left
1559255910074,-25314.154296875,-53415.4609375,0,0,0,0,-32327.103515625,10743.90234375,Left
1559255910074,-25370.748046875,-53807.015625,0,0,0,0,-32926.6875,10053.9931640625,Left
1559255910139,-25272.1328125,-53963.79296875,0,0,0,0,-33079.640625,11116.2373046875,Left
1559255910139,-25272.1328125,-53963.79296875,0,0,0,0,-33079.640625,11116.2373046875,Left
1559255910139,-25367.10546875,-53376.23046875,0,0,0,0,-32300.638671875,10370.0693359375,Left
1559255910140,-25379.353515625,-54802.140625,0,0,0,0,-34318.44140625,9835.4150390625,Left
1559255910140,-25367.10546875,-53376.23046875,0,0,0,0,-32300.638671875,10370.0693359375,Left
1559255910140,-25262.96875,-56164.8125,0,0,0,0,-36185.9765625,10414.9287109375,Left
1559255910140,-25252.576171875,-54278.7265625,0,0,0,0,-33517.37890625,11177.3916015625,Left
1559255910140,-25355.013671875,-53334.65625,0,0,0,0,-32240.9140625,10501.8330078125,Left
1559255910140,-25379.353515625,-54802.140625,0,0,0,0,-34318.44140625,9835.4150390625,Left
1559255910141,-25373.9453125,-54370.86328125,0,0,0,0,-33728.08984375,9898.3583984375,Left
1559255910141,-25262.96875,-56164.8125,0,0,0,0,-36185.9765625,10414.9287109375,Left
1559255910141,-25272.37890625,-56172.48046875,0,0,0,0,-36216.21875,10210.09765625,Left
1559255910141,-25252.576171875,-54278.7265625,0,0,0,0,-33517.37890625,11177.3916015625,Left
1559255910141,-25225.708984375,-54622.98828125,0,0,0,0,-34005.5625,11175,Left
1559255910141,-25355.013671875,-53334.65625,0,0,0,0,-32240.9140625,10501.8330078125,Left
1559255910142,-25373.9453125,-54370.86328125,0,0,0,0,-33728.08984375,9898.3583984375,Left
1559255910142,-25338.853515625,-53370.84375,0,0,0,0,-32273.146484375,10635.09375,Left
1559255910142,-25272.37890625,-56172.48046875,0,0,0,0,-36216.21875,10210.09765625,Left
1559255910142,-25225.708984375,-54622.98828125,0,0,0,0,-34005.5625,11175,Left
1559255910143,-25338.853515625,-53370.84375,0,0,0,0,-32273.146484375,10635.09375,Left
1559255910211,-25244.751953125,-55797.796875,0,0,0,0,-35637.46484375,10774.1884765625,Left
1559255910212,-25308.7890625,-53829.4375,0,0,0,0,-32860.83984375,11025.154296875,Left
1559255910212,-25395.515625,-53442.39453125,0,0,0,0,-32385.888671875,10283.2998046875,Left
1559255910213,-25383.04296875,-55102.6796875,0,0,0,0,-34731.75,9810.158203125,Left
1559255910213,-25253.291015625,-56035.59765625,0,0,0,0,-35994.2421875,10573.044921875,Left
1559255910214,-25273.048828125,-54064.10546875,0,0,0,0,-33202.12890625,11120.9755859375,Left
1559255910214,-25367.10546875,-53392.70703125,0,0,0,0,-32305.51171875,10392.2421875,Left
1559255910215,-25379.310546875,-54728.53515625,0,0,0,0,-34194.8359375,9839.5732421875,Left
1559255910215,-25264.7578125,-56202.56640625,0,0,0,0,-36224.95703125,10360.123046875,Left
1559255910215,-25252.955078125,-54426.18359375,0,0,0,0,-33691.3203125,11162.3486328125,Left
1559255910278,-25371.955078125,-53424.71484375,0,0,0,0,-32319.638671875,10515.0869140625,Left
1559255910278,-25403.337890625,-54333.625,0,0,0,0,-33643.48828125,9910.2939453125,Left
1559255910279,-25306.845703125,-56221.38671875,0,0,0,0,-36253.12109375,10140.5166015625,Left
1559255910279,-25240.52734375,-54812.265625,0,0,0,0,-34226.9140625,11145.4736328125,Left
1559255910279,-25349.380859375,-53457.48046875,0,0,0,0,-32358.10546875,10663.591796875,Left
1559255910279,-25396.765625,-54022.66796875,0,0,0,0,-33196.18359375,9994.6494140625,Left
1559255910280,-25323.564453125,-56119.6171875,0,0,0,0,-36098.625,9980.7685546875,Left
1559255910280,-25227.720703125,-55212.98828125,0,0,0,0,-34784.90234375,11080.162109375,Left
1559255910280,-25333.845703125,-53520.69140625,0,0,0,0,-32442.39453125,10822.5576171875,Left
1559255910281,-25397.03515625,-53734.57421875,0,0,0,0,-32798.16796875,10097.802734375,Left
1559255910310,-25356.599609375,-55809.109375,0,0,0,0,-35686.125,9874.330078125,Left
1559255910311,-25236.19140625,-55554.05078125,0,0,0,0,-35284.10546875,10929.98046875,Left
1559255910311,-25304.4765625,-53681.9609375,0,0,0,0,-32653.818359375,10941.5810546875,Left
1559255910312,-25377.5,-53549.61328125,0,0,0,0,-32530.75,10208.1533203125,Left
1559255910312,-25361.048828125,-55420.1875,0,0,0,0,-35158.6875,9824.2392578125,Left
1559255910312,-25235.69921875,-55895.02734375,0,0,0,0,-35762.23046875,10726.84765625,Left
1559255910312,-25281.140625,-53919.9375,0,0,0,0,-32970.25390625,11061.8779296875,Left
1559255910313,-25372.9609375,-53444.00390625,0,0,0,0,-32372.90234375,10324.248046875,Left
1559255910313,-25374.50390625,-55006.58984375,0,0,0,0,-34587.625,9828.6875,Left
1559255910313,-25252.486328125,-56118.5,0,0,0,0,-36088.41015625,10518.3505859375,Left
1559255910380,-25389.61328125,-53927.4921875,0,0,0,0,-33065.76171875,10029.5849609375,Left
1559255910380,-25326.40234375,-56019.6171875,0,0,0,0,-35975.78125,9955.310546875,Left
1559255910381,-25235.609375,-55281.62890625,0,0,0,0,-34896.703125,11042.2978515625,Left
1559255910381,-25333.734375,-53578.24609375,0,0,0,0,-32512.82421875,10832.302734375,Left
1559255910381,-25395.6484375,-53730.84375,0,0,0,0,-32769.82421875,10108.0400390625,Left
1559255910382,-25363.953125,-55761.41015625,0,0,0,0,-35606.83984375,9847.1279296875,Left
1559255910382,-25249.333984375,-55677.07421875,0,0,0,0,-35445.3046875,10873.720703125,Left
1559255910382,-25325.0625,-53751.40625,0,0,0,0,-32740.6328125,10965.8544921875,Left
1559255910382,-25416.525390625,-53531.17578125,0,0,0,0,-32498.1171875,10217.4736328125,Left
1559255910382,-25407.16015625,-55358.2734375,0,0,0,0,-35061.7265625,9790.533203125,Left
1559255910418,-25274.97265625,-55973.05859375,0,0,0,0,-35869.453125,10662.83203125,Left
1559255910418,-25315.361328125,-53962.98828125,0,0,0,0,-33032.66015625,11062.615234375,Left
1559255910418,-25423.857421875,-53430.94921875,0,0,0,0,-32342.59375,10314.48046875,Left
1559255910419,-25430.025390625,-54944.25,0,0,0,0,-34477.98828125,9787.359375,Left
1559255910419,-25274.97265625,-55973.05859375,0,0,0,0,-35869.453125,10662.83203125,Left
1559255910419,-25311.919921875,-56196.91015625,0,0,0,0,-36177.390625,10424.607421875,Left
1559255910419,-25315.361328125,-53962.98828125,0,0,0,0,-33032.66015625,11062.615234375,Left
1559255910420,-25316.8359375,-54289.34375,0,0,0,0,-33466.34765625,11114.359375,Left
1559255910420,-25425.01953125,-53444.1796875,0,0,0,0,-32324.890625,10418.259765625,Left
1559255910420,-25423.857421875,-53430.94921875,0,0,0,0,-32342.59375,10314.48046875,Left
1559255910420,-25450.232421875,-54575.15625,0,0,0,0,-33941.27734375,9832.8671875,Left
1559255910421,-25430.025390625,-54944.25,0,0,0,0,-34477.98828125,9787.359375,Left
1559255910421,-25344.1953125,-56269.8203125,0,0,0,0,-36282.9609375,10214.3447265625,Left
1559255910421,-25311.919921875,-56196.91015625,0,0,0,0,-36177.390625,10424.607421875,Left
1559255910421,-25307.60546875,-54621.6953125,0,0,0,0,-33936.18359375,11130.4755859375,Left
1559255910421,-25316.8359375,-54289.34375,0,0,0,0,-33466.34765625,11114.359375,Left
1559255910422,-25425.01953125,-53444.1796875,0,0,0,0,-32324.890625,10418.259765625,Left
1559255910422,-25450.232421875,-54575.15625,0,0,0,0,-33941.27734375,9832.8671875,Left
1559255910423,-25344.1953125,-56269.8203125,0,0,0,0,-36282.9609375,10214.3447265625,Left
1559255910423,-25307.60546875,-54621.6953125,0,0,0,0,-33936.18359375,11130.4755859375,Left
1559255910454,-25426.314453125,-53439.3515625,0,0,0,0,-32312.57421875,10546.669921875,Left
1559255910454,-25463.28515625,-54199.26953125,0,0,0,0,-33417.82421875,9901.1298828125,Left
1559255910454,-25376.380859375,-56207.2578125,0,0,0,0,-36198.515625,10008.6416015625,Left
1559255910455,-25296.65234375,-55029.65625,0,0,0,0,-34496.609375,11062.302734375,Left
1559255910455,-25400.298828125,-53505.44921875,0,0,0,0,-32387.54296875,10683.9326171875,Left
1559255910455,-25454.142578125,-53838.0859375,0,0,0,0,-32930.51171875,10007.9482421875,Left
1559255910455,-25394.978515625,-55943.64453125,0,0,0,0,-35860.9375,9866.595703125,Left
1559255910455,-25284.5390625,-55372.51171875,0,0,0,0,-35008.6875,10954.65625,Left
1559255910455,-25367.306640625,-53604.421875,0,0,0,0,-32530.97265625,10820.2783203125,Left
1559255910456,-25423.744140625,-53682.5625,0,0,0,0,-32685.625,10092.5498046875,Left
1559255910488,-25409.55078125,-55656.421875,0,0,0,0,-35455.25390625,9795.830078125,Left
1559255910489,-25285.23046875,-55756.55859375,0,0,0,0,-35544.27734375,10784.626953125,Left
1559255910489,-25336.037109375,-53811.84375,0,0,0,0,-32802.5234375,10953.830078125,Left
1559255910489,-25419.453125,-53538.59375,0,0,0,0,-32478.111328125,10203.9287109375,Left
1559255910489,-25414.916015625,-55300.60546875,0,0,0,0,-34954.21484375,9762.6162109375,Left
1559255910490,-25281.251953125,-56067.0703125,0,0,0,0,-35980.78515625,10584.1318359375,Left
1559255910490,-25303.42578125,-54065.4921875,0,0,0,0,-33152.21875,11064.1796875,Left
1559255910490,-25403.248046875,-53451.9375,0,0,0,0,-32348.962890625,10325.9462890625,Left
1559255910490,-25407.31640625,-54837.8125,0,0,0,0,-34328.703125,9803.9443359375,Left
1559255910491,-25283.7109375,-56186.3828125,0,0,0,0,-36183.875,10375.9921875,Left
1559255910628,-25222.490234375,-56091.3671875,0,0,0,0,-36018.046875,10588.7587890625,Left
1559255910628,-25244.595703125,-54092.91796875,0,0,0,0,-33198.84375,11130.453125,Left
1559255910628,-25347.435546875,-53444.2265625,0,0,0,0,-32326.677734375,10396.6005859375,Left
1559255910628,-25366.703125,-54739.1953125,0,0,0,0,-34182.6796875,9856.8505859375,Left
1559255910628,-25251.45703125,-56232.3359375,0,0,0,0,-36230.30078125,10364.458984375,Left
1559255910629,-25222.490234375,-56091.3671875,0,0,0,0,-36018.046875,10588.7587890625,Left
1559255910629,-25224.189453125,-54441.515625,0,0,0,0,-33678.69140625,11173.7705078125,Left
1559255910629,-25319.318359375,-53425.8984375,0,0,0,0,-32296.548828125,10535.3603515625,Left
1559255910629,-25352.8671875,-54350.41015625,0,0,0,0,-33639.23828125,9929.7177734375,Left
1559255910629,-25244.595703125,-54092.91796875,0,0,0,0,-33198.84375,11130.453125,Left
1559255910630,-25268.154296875,-56222.99609375,0,0,0,0,-36229.828125,10168.3896484375,Left
1559255910630,-25202.396484375,-54792.125,0,0,0,0,-34178.96875,11167.7578125,Left
1559255910630,-25347.435546875,-53444.2265625,0,0,0,0,-32326.677734375,10396.6005859375,Left
1559255910630,-25366.703125,-54739.1953125,0,0,0,0,-34182.6796875,9856.8505859375,Left
1559255910631,-25251.45703125,-56232.3359375,0,0,0,0,-36230.30078125,10364.458984375,Left
1559255910631,-25224.189453125,-54441.515625,0,0,0,0,-33678.69140625,11173.7705078125,Left
1559255910631,-25319.318359375,-53425.8984375,0,0,0,0,-32296.548828125,10535.3603515625,Left
1559255910631,-25352.8671875,-54350.41015625,0,0,0,0,-33639.23828125,9929.7177734375,Left
1559255910632,-25268.154296875,-56222.99609375,0,0,0,0,-36229.828125,10168.3896484375,Left
1559255910632,-25202.396484375,-54792.125,0,0,0,0,-34178.96875,11167.7578125,Left
1559255910662,-25305.52734375,-53476.63671875,0,0,0,0,-32351.66796875,10669.2470703125,Left
1559255910663,-25355.951171875,-54032.58984375,0,0,0,0,-33186.86328125,10017.26953125,Left
1559255910663,-25282.615234375,-56086.671875,0,0,0,0,-36050.94921875,10009.06640625,Left
1559255910664,-25186.078125,-55181.46875,0,0,0,0,-34736.48828125,11095.7626953125,Left
1559255910664,-25285.72265625,-53538.7734375,0,0,0,0,-32443.376953125,10829.978515625,Left
1559255910664,-25345.849609375,-53738.91015625,0,0,0,0,-32788.7109375,10128.5810546875,Left
1559255910665,-25298.865234375,-55797.88671875,0,0,0,0,-35667.4609375,9904.1025390625,Left
1559255910665,-25305.52734375,-53476.63671875,0,0,0,0,-32351.66796875,10669.2470703125,Left
1559255910665,-25178.94921875,-55570.390625,0,0,0,0,-35287.3671875,10955.103515625,Left
1559255910665,-25262.96875,-53667.41015625,0,0,0,0,-32625.4765625,10976.494140625,Left
1559255910666,-25355.951171875,-54032.58984375,0,0,0,0,-33186.86328125,10017.26953125,Left
1559255910666,-25282.615234375,-56086.671875,0,0,0,0,-36050.94921875,10009.06640625,Left
1559255910666,-25342.2734375,-53522.48046875,0,0,0,0,-32492.439453125,10235.1318359375,Left
1559255910667,-25186.078125,-55181.46875,0,0,0,0,-34736.48828125,11095.7626953125,Left
1559255910667,-25285.72265625,-53538.7734375,0,0,0,0,-32443.376953125,10829.978515625,Left
1559255910667,-25345.849609375,-53738.91015625,0,0,0,0,-32788.7109375,10128.5810546875,Left
1559255910668,-25298.865234375,-55797.88671875,0,0,0,0,-35667.4609375,9904.1025390625,Left
1559255910668,-25178.94921875,-55570.390625,0,0,0,0,-35287.3671875,10955.103515625,Left
1559255910668,-25262.96875,-53667.41015625,0,0,0,0,-32625.4765625,10976.494140625,Left
1559255910668,-25342.2734375,-53522.48046875,0,0,0,0,-32492.439453125,10235.1318359375,Left
1559255910696,-25329.33203125,-55428.12109375,0,0,0,0,-35159.89453125,9838.544921875,Left
1559255910700,-25207.044921875,-55905.3984375,0,0,0,0,-35761.58203125,10756.75390625,Left
1559255910700,-25264.48828125,-53903.10546875,0,0,0,0,-32940.50390625,11083.5146484375,Left
1559255910700,-25361.94140625,-53459.08984375,0,0,0,0,-32378.53515625,10328.0478515625,Left
1559255910701,-25365.853515625,-55049.8203125,0,0,0,0,-34626.875,9834.833984375,Left
1559255910701,-25239.23046875,-56102.33984375,0,0,0,0,-36064.24609375,10553.3984375,Left
1559255910701,-25240.9296875,-54147.8828125,0,0,0,0,-33296.4765625,11162.974609375,Left
1559255910701,-25341.1328125,-53415.6171875,0,0,0,0,-32306.181640625,10443.830078125,Left
1559255910701,-25374.19140625,-54654.796875,0,0,0,0,-34071.6328125,9873.078125,Left
1559255910701,-25275.216796875,-56275.23046875,0,0,0,0,-36296.08203125,10312.916015625,Left
1559255910729,-25243.76953125,-54557.58984375,0,0,0,0,-33845.3671875,11183.3818359375,Left
1559255910729,-25243.76953125,-54557.58984375,0,0,0,0,-33845.3671875,11183.3818359375,Left
1559255910730,-25358.947265625,-53430.32421875,0,0,0,0,-32315.615234375,10576.755859375,Left
1559255910730,-25393.32421875,-54267.28515625,0,0,0,0,-33534.07421875,9945.9892578125,Left
1559255910730,-25358.947265625,-53430.32421875,0,0,0,0,-32315.615234375,10576.755859375,Left
1559255910731,-25299.849609375,-56196.91015625,0,0,0,0,-36216.73046875,10125.138671875,Left
1559255910731,-25393.32421875,-54267.28515625,0,0,0,0,-33534.07421875,9945.9892578125,Left
1559255910731,-25299.849609375,-56196.91015625,0,0,0,0,-36216.73046875,10125.138671875,Left
1559255910732,-25230.021484375,-54897.78125,0,0,0,0,-34344.52734375,11148.9375,Left
1559255910732,-25230.021484375,-54897.78125,0,0,0,0,-34344.52734375,11148.9375,Left
1559255910732,-25331.23046875,-53499.5234375,0,0,0,0,-32395.87890625,10701.43359375,Left
1559255910733,-25331.23046875,-53499.5234375,0,0,0,0,-32395.87890625,10701.43359375,Left
1559255910733,-25374.90625,-53956.59375,0,0,0,0,-33096.49609375,10041.54296875,Left
1559255910733,-25374.90625,-53956.59375,0,0,0,0,-33096.49609375,10041.54296875,Left
1559255910733,-25316.099609375,-56042.66015625,0,0,0,0,-36003.7421875,9969.525390625,Left
1559255910733,-25316.099609375,-56042.66015625,0,0,0,0,-36003.7421875,9969.525390625,Left
1559255910734,-25208.51953125,-55321.2578125,0,0,0,0,-34930.45703125,11053.3837890625,Left
1559255910734,-25208.51953125,-55321.2578125,0,0,0,0,-34930.45703125,11053.3837890625,Left
1559255910734,-25299.021484375,-53589.40234375,0,0,0,0,-32514.166015625,10865.8759765625,Left
1559255910734,-25299.021484375,-53589.40234375,0,0,0,0,-32514.166015625,10865.8759765625,Left
1559255910764,-25369.2734375,-53696.6875,0,0,0,0,-32734.44140625,10147.646484375,Left
1559255910764,-25369.2734375,-53696.6875,0,0,0,0,-32734.44140625,10147.646484375,Left
1559255910765,-25344.060546875,-55715.4296875,0,0,0,0,-35565.984375,9879.11328125,Left
1559255910765,-25344.060546875,-55715.4296875,0,0,0,0,-35565.984375,9879.11328125,Left
1559255910765,-25220.65625,-55648.265625,0,0,0,0,-35415.7578125,10900.029296875,Left
1559255910765,-25220.65625,-55648.265625,0,0,0,0,-35415.7578125,10900.029296875,Left
1559255910765,-25283.443359375,-53739.08984375,0,0,0,0,-32724.919921875,10993.75,Left
1559255910766,-25283.443359375,-53739.08984375,0,0,0,0,-32724.919921875,10993.75,Left
1559255910766,-25366.123046875,-53539.66796875,0,0,0,0,-32504.46484375,10250.0400390625,Left
1559255910766,-25366.123046875,-53539.66796875,0,0,0,0,-32504.46484375,10250.0400390625,Left
1559255910766,-25364.333984375,-55356.171875,0,0,0,0,-35061.97265625,9839.7744140625,Left
1559255910766,-25364.333984375,-55356.171875,0,0,0,0,-35061.97265625,9839.7744140625,Left
1559255910766,-25215.091796875,-55949.23046875,0,0,0,0,-35845.35546875,10716.8564453125,Left
1559255910767,-25215.091796875,-55949.23046875,0,0,0,0,-35845.35546875,10716.8564453125,Left
1559255910767,-25242.025390625,-53923.78125,0,0,0,0,-32993.96875,11118.1591796875,Left
1559255910767,-25242.025390625,-53923.78125,0,0,0,0,-32993.96875,11118.1591796875,Left
1559255910767,-25338.361328125,-53418.296875,0,0,0,0,-32336.87109375,10362.5146484375,Left
1559255910767,-25338.361328125,-53418.296875,0,0,0,0,-32336.87109375,10362.5146484375,Left
1559255910768,-25345.4921875,-54932.984375,0,0,0,0,-34479.17578125,9852.73828125,Left
1559255910768,-25345.4921875,-54932.984375,0,0,0,0,-34479.17578125,9852.73828125,Left
